Grand Prix,Driver,Car,Time,year,Code
Great Britain,Nino  Farina ,Alfa Romeo,1:50.600,1950,FAR
Monaco,Juan Manuel  Fangio ,Alfa Romeo,1:51.000,1950,FAN
Indianapolis 500,Johnnie Parsons ,Kurtis Kraft Offenhauser,,1950,PAR
Switzerland,Nino  Farina ,Alfa Romeo,2:41.600,1950,FAR
Belgium,Nino  Farina ,Alfa Romeo,4:34.100,1950,FAR
France,Juan Manuel  Fangio ,Alfa Romeo,2:35.600,1950,FAN
Italy,Juan Manuel  Fangio ,Alfa Romeo,2:00.000,1950,FAN
Switzerland,Juan Manuel  Fangio ,Alfa Romeo,2:51.100,1951,FAN
Indianapolis 500,Lee  Wallard ,Kurtis Kraft Offenhauser,1:07.260,1951,WAL
Belgium,Juan Manuel  Fangio ,Alfa Romeo,4:22.100,1951,FAN
France,Juan Manuel  Fangio ,Alfa Romeo,2:27.800,1951,FAN
Great Britain,Nino  Farina ,Alfa Romeo,1:44.000,1951,FAR
Germany,Juan Manuel  Fangio ,Alfa Romeo,9:55.800,1951,FAN
Italy,Nino  Farina ,Alfa Romeo,1:56.500,1951,FAR
Spain,Juan Manuel  Fangio ,Alfa Romeo,2:16.930,1951,FAN
Switzerland,Piero Taruffi ,Ferrari,2:49.100,1952,TAR
Indianapolis 500,Bill Vukovich,Kurtis Kraft Offenhauser,1:06.600,1952,VUK
Belgium,Alberto  Ascari ,Ferrari,4:55.000,1952,ASC
France,Alberto  Ascari ,Ferrari,2:17.300,1952,ASC
Great Britain,Alberto  Ascari ,Ferrari,1:52.000,1952,ASC
Germany,Alberto  Ascari ,Ferrari,10:05.100,1952,ASC
Netherlands,Alberto  Ascari ,Ferrari,1:49.800,1952,ASC
Italy,Alberto  Ascari ,Ferrari,2:06.100,1952,ASC
Argentina,Alberto  Ascari ,Ferrari,1:48.400,1953,ASC
Indianapolis 500,Bill Vukovich,Kurtis Kraft Offenhauser,1:06.240,1953,VUK
Netherlands,Luigi Villoresi ,Ferrari,1:52.800,1953,VIL
Belgium,Jose Froilan  Gonzalez ,Maserati,4:34.000,1953,GON
France,Juan Manuel  Fangio ,Maserati,2:41.100,1953,FAN
Great Britain,Alberto  Ascari ,Ferrari,1:50.000,1953,ASC
Germany,Alberto  Ascari ,Ferrari,9:56.000,1953,ASC
Switzerland,Alberto  Ascari ,Ferrari,2:41.300,1953,ASC
Italy,Juan Manuel  Fangio ,Maserati,2:04.500,1953,FAN
Argentina,Jose Froilan  Gonzalez ,Ferrari,1:48.200,1954,GON
Indianapolis 500,Jack  McGrath ,Kurtis Kraft Offenhauser,1:04.040,1954,MCG
Belgium,Juan Manuel  Fangio ,Maserati,4:25.500,1954,FAN
France,Hans Herrmann ,Mercedes-Benz,2:32.900,1954,HER
Great Britain,Alberto  Ascari ,Maserati,1:50.000,1954,ASC
Germany,Karl  Kling ,Mercedes-Benz,9:55.100,1954,KLI
Switzerland,Juan Manuel  Fangio ,Mercedes-Benz,2:39.700,1954,FAN
Italy,Jose Froilan  Gonzalez ,Ferrari,2:00.800,1954,GON
Spain,Alberto  Ascari ,Lancia,2:20.400,1954,ASC
Argentina,Juan Manuel  Fangio ,Mercedes-Benz,1:48.300,1955,FAN
Monaco,Juan Manuel  Fangio ,Mercedes-Benz,1:42.400,1955,FAN
Indianapolis 500,Bill Vukovich,Kurtis Kraft Offenhauser,1:03.670,1955,VUK
Belgium,Juan Manuel  Fangio ,Mercedes-Benz,4:20.600,1955,FAN
Netherlands,Roberto  Mieres ,Maserati,1:40.900,1955,MIE
Great Britain,Stirling  Moss ,Mercedes-Benz,2:00.400,1955,MOS
Italy,Stirling  Moss ,Mercedes-Benz,2:46.900,1955,MOS
Argentina,Juan Manuel  Fangio ,Ferrari,1:45.300,1956,FAN
Monaco,Juan Manuel  Fangio ,Ferrari,1:44.400,1956,FAN
Indianapolis 500,Paul  Russo ,Kurtis Kraft Novi,1:02.320,1956,RUS
Belgium,Stirling  Moss ,Maserati,4:14.700,1956,MOS
France,Juan Manuel  Fangio ,Ferrari,2:25.800,1956,FAN
Great Britain,Stirling  Moss ,Maserati,1:43.200,1956,MOS
Germany,Juan Manuel  Fangio ,Ferrari,9:41.600,1956,FAN
Italy,Stirling  Moss ,Maserati,2:45.500,1956,MOS
Argentina,Stirling  Moss ,Maserati,1:44.700,1957,MOS
Monaco,Juan Manuel  Fangio ,Maserati,1:45.600,1957,FAN
Indianapolis 500,Jim  Rathmann ,Epperly Offenhauser,1:02.750,1957,RAT
France,Luigi  Musso ,Ferrari,2:22.400,1957,MUS
Great Britain,Stirling  Moss ,Vanwall,1:59.200,1957,MOS
Germany,Juan Manuel  Fangio ,Maserati,9:17.400,1957,FAN
Pescara,Stirling  Moss ,Vanwall,9:44.600,1957,MOS
Italy,Tony  Brooks ,Vanwall,1:43.700,1957,BRO
Argentina,Juan Manuel  Fangio ,Maserati,1:41.800,1958,FAN
Monaco,Mike  Hawthorn ,Ferrari,1:40.600,1958,HAW
Netherlands,Stirling  Moss ,Vanwall,1:37.600,1958,MOS
Indianapolis 500,Tony Bettenhausen ,Epperly Offenhauser,1:02.370,1958,BET
Belgium,Mike  Hawthorn ,Ferrari,3:58.300,1958,HAW
France,Mike  Hawthorn ,Ferrari,2:24.900,1958,HAW
Great Britain,Mike  Hawthorn ,Ferrari,1:40.800,1958,HAW
Germany,Stirling  Moss ,Vanwall,9:09.200,1958,MOS
Portugal,Mike  Hawthorn ,Ferrari,2:32.270,1958,HAW
Italy,Phil  Hill ,Ferrari,1:42.900,1958,HIL
Morocco,Stirling  Moss ,Vanwall,2:22.500,1958,MOS
Monaco,Jack  Brabham ,Cooper Climax,1:40.400,1959,BRA
Indianapolis 500,Johnny  Thomson ,Lesovsky Offenhauser,1:01.890,1959,THO
Netherlands,Stirling  Moss ,Cooper Climax,1:36.700,1959,MOS
France,Stirling  Moss ,BRM,2:22.800,1959,MOS
Great Britain,Stirling  Moss ,BRM,1:57.000,1959,MOS
Germany,Tony  Brooks ,Ferrari,2:04.500,1959,BRO
Portugal,Stirling  Moss ,Cooper Climax,2:05.070,1959,MOS
Italy,Phil  Hill ,Ferrari,1:40.400,1959,HIL
United States,Maurice Trintignant ,Cooper Climax,3:05.000,1959,TRI
Argentina,Stirling  Moss ,Cooper Climax,1:38.900,1960,MOS
Monaco,Bruce  McLaren ,Lotus Climax,1:36.200,1960,MCL
Indianapolis 500,Jim  Rathmann ,Watson Offenhauser,1:01.590,1960,RAT
Netherlands,Stirling  Moss ,Lotus Climax,1:33.800,1960,MOS
Belgium,Phil  Hill ,Ferrari,3:51.900,1960,HIL
France,Jack  Brabham ,Cooper Climax,2:17.500,1960,BRA
Great Britain,Graham  Hill ,BRM,1:34.400,1960,HIL
Portugal,John  Surtees ,Lotus Climax,2:27.530,1960,SUR
Italy,Phil  Hill ,Ferrari,2:43.600,1960,HIL
United States,Jack  Brabham ,Cooper Climax,1:56.300,1960,BRA
Monaco,Richie  Ginther ,Ferrari,1:36.300,1961,GIN
Netherlands,Jim  Clark ,Lotus Climax,1:35.500,1961,CLA
Belgium,Richie  Ginther ,Ferrari,3:59.800,1961,GIN
France,Phil  Hill ,Ferrari,2:27.100,1961,HIL
Great Britain,Tony  Brooks ,BRM Climax,1:57.800,1961,BRO
Germany,Phil  Hill ,Ferrari,8:57.800,1961,HIL
Italy,Giancarlo  Baghetti ,Ferrari,2:48.400,1961,BAG
United States,Jack  Brabham ,Cooper Climax,1:18.200,1961,BRA
Netherlands,Bruce  McLaren ,Cooper Climax,1:34.400,1962,MCL
Monaco,Jim  Clark ,Lotus Climax,1:35.500,1962,CLA
Belgium,Jim  Clark ,Lotus Climax,3:55.600,1962,CLA
France,Graham  Hill ,BRM,2:16.900,1962,HIL
Great Britain,Jim  Clark ,Lotus Climax,1:55.000,1962,CLA
Germany,Graham  Hill ,BRM,10:12.200,1962,HIL
Italy,Graham  Hill ,BRM,1:42.300,1962,HIL
United States,Jim  Clark ,Lotus Climax,1:15.000,1962,CLA
South Africa,Jim  Clark ,Lotus Climax,1:31.000,1962,CLA
Monaco,John  Surtees ,Ferrari,1:34.500,1963,SUR
Belgium,Jim  Clark ,Lotus Climax,3:58.100,1963,CLA
Netherlands,Jim  Clark ,Lotus Climax,1:33.700,1963,CLA
France,Jim  Clark ,Lotus Climax,2:21.600,1963,CLA
Great Britain,John  Surtees ,Ferrari,1:36.000,1963,SUR
Germany,John  Surtees ,Ferrari,8:47.000,1963,SUR
Italy,Jim  Clark ,Lotus Climax,1:38.900,1963,CLA
United States,Jim  Clark ,Lotus Climax,1:14.500,1963,CLA
Mexico,Jim  Clark ,Lotus Climax,1:58.100,1963,CLA
South Africa,Dan  Gurney ,Brabham Climax,1:29.100,1963,GUR
Monaco,Graham  Hill ,BRM,1:33.900,1964,HIL
Netherlands,Jim  Clark ,Lotus Climax,1:32.800,1964,CLA
Belgium,Dan  Gurney ,Brabham Ford,3:49.200,1964,GUR
France,Jack  Brabham ,Brabham Ford,2:11.400,1964,BRA
Great Britain,Jim  Clark ,Lotus Climax,1:38.800,1964,CLA
Germany,John  Surtees ,Ferrari,8:39.000,1964,SUR
Austria,Dan  Gurney ,Brabham Ford,1:10.560,1964,GUR
Italy,John  Surtees ,Ferrari,1:38.800,1964,SUR
United States,Jim  Clark ,Lotus Climax,1:12.700,1964,CLA
Mexico,Jim  Clark ,Lotus Climax,1:58.370,1964,CLA
South Africa,Jim  Clark ,Lotus Climax,1:27.600,1965,CLA
Monaco,Graham  Hill ,BRM,1:31.700,1965,HIL
Belgium,Jim  Clark ,Lotus Climax,4:12.900,1965,CLA
France,Jim  Clark ,Lotus Climax,3:18.900,1965,CLA
Great Britain,Graham  Hill ,BRM,1:32.200,1965,HIL
Netherlands,Jim  Clark ,Lotus Climax,1:30.600,1965,CLA
Germany,Jim  Clark ,Lotus Climax,8:24.100,1965,CLA
Italy,Jim  Clark ,Lotus Climax,1:36.400,1965,CLA
United States,Graham  Hill ,BRM,1:11.900,1965,HIL
Mexico,Dan  Gurney ,Brabham Climax,1:55.840,1965,GUR
Monaco,Lorenzo  Bandini ,Ferrari,1:29.800,1966,BAN
Belgium,John  Surtees ,Ferrari,4:18.700,1966,SUR
France,Lorenzo  Bandini ,Ferrari,2:11.300,1966,BAN
Great Britain,Jack  Brabham ,Brabham Climax,1:37.000,1966,BRA
Netherlands,Denny  Hulme ,Brabham Climax,1:30.600,1966,HUL
Germany,John  Surtees ,Cooper Maserati,8:49.000,1966,SUR
Italy,Ludovico  Scarfiotti ,Ferrari,1:32.400,1966,SCA
United States,John  Surtees ,Cooper Maserati,1:09.670,1966,SUR
Mexico,Richie  Ginther ,Honda,1:53.750,1966,GIN
South Africa,Denny  Hulme ,Brabham Repco,1:29.900,1967,HUL
Monaco,Jim  Clark ,Lotus Climax,1:29.500,1967,CLA
Netherlands,Jim  Clark ,Lotus Climax,1:28.080,1967,CLA
Belgium,Dan  Gurney ,Eagle Climax,3:31.900,1967,GUR
France,Graham  Hill ,Lotus Climax,1:36.700,1967,HIL
Great Britain,Denny  Hulme ,Brabham Repco,1:27.000,1967,HUL
Germany,Dan  Gurney ,Eagle Climax,8:15.100,1967,GUR
Canada,Jim  Clark ,Lotus Climax,1:23.100,1967,CLA
Italy,Jim  Clark ,Lotus Climax,1:28.500,1967,CLA
United States,Graham  Hill ,Lotus Climax,1:06.000,1967,HIL
Mexico,Jim  Clark ,Lotus Climax,1:48.130,1967,CLA
South Africa,Jim  Clark ,Lotus Ford,1:23.700,1968,CLA
Spain,Jean-Pierre  Beltoise ,Matra Ford,1:28.300,1968,BEL
Monaco,Richard  Attwood ,BRM,1:28.100,1968,ATT
Belgium,John  Surtees ,Honda,3:30.500,1968,SUR
Netherlands,Jean-Pierre  Beltoise ,Matra Ford,1:45.910,1968,BEL
France,Pedro  Rodriguez ,BRM,2:11.500,1968,ROD
Great Britain,Jo  Siffert ,Lotus Ford,1:29.700,1968,SIF
Germany,Jackie  Stewart ,Matra Ford,9:36.000,1968,STE
Italy,Jackie  Oliver ,Lotus Ford,1:26.500,1968,OLI
Canada,Jo  Siffert ,Lotus Ford,1:35.100,1968,SIF
United States,Jackie  Stewart ,Matra Ford,1:05.220,1968,STE
Mexico,Jo  Siffert ,Lotus Ford,1:44.230,1968,SIF
South Africa,Jackie  Stewart ,Matra Ford,1:21.600,1969,STE
Spain,Jochen  Rindt ,Lotus Ford,1:28.300,1969,RIN
Monaco,Jackie  Stewart ,Matra Ford,1:25.100,1969,STE
Netherlands,Jackie  Stewart ,Matra Ford,1:22.940,1969,STE
France,Jackie  Stewart ,Matra Ford,3:02.700,1969,STE
Great Britain,Jackie  Stewart ,Matra Ford,1:21.300,1969,STE
Germany,Jacky  Ickx ,Brabham Climax,7:43.800,1969,ICK
Italy,Jean-Pierre  Beltoise ,Matra Ford,1:25.200,1969,BEL
Canada,Jacky  Ickx ,Brabham Climax,1:18.100,1969,ICK
United States,Jochen  Rindt ,Lotus Ford,1:04.340,1969,RIN
Mexico,Jacky  Ickx ,Brabham Climax,1:43.050,1969,ICK
South Africa,John  Surtees ,McLaren Ford,1:20.800,1970,SUR
Spain,Jack  Brabham ,Brabham Ford,1:24.300,1970,BRA
Monaco,Jochen  Rindt ,Lotus Ford,1:23.200,1970,RIN
Belgium,Chris  Amon ,March Ford,3:27.400,1970,AMO
Netherlands,Jacky  Ickx ,Ferrari,1:19.230,1970,ICK
France,Jack  Brabham ,Brabham Ford,3:00.750,1970,BRA
Great Britain,Jack  Brabham ,Brabham Ford,1:25.900,1970,BRA
Germany,Jacky  Ickx ,Ferrari,2:00.500,1970,ICK
Austria,Jacky  Ickx ,Ferrari,1:40.400,1970,ICK
Italy,Clay  Regazzoni ,Ferrari,1:25.200,1970,REG
Canada,Clay  Regazzoni ,Ferrari,1:32.200,1970,REG
United States,Jacky  Ickx ,Ferrari,1:02.740,1970,ICK
Mexico,Jacky  Ickx ,Ferrari,1:43.110,1970,ICK
South Africa,Mario  Andretti ,Ferrari,1:20.300,1971,AND
Spain,Jacky  Ickx ,Ferrari,1:25.100,1971,ICK
Monaco,Jackie  Stewart ,Tyrrell Ford,1:22.200,1971,STE
Netherlands,Jacky  Ickx ,Ferrari,1:34.950,1971,ICK
France,Jackie  Stewart ,Tyrrell Ford,1:54.090,1971,STE
Great Britain,Jackie  Stewart ,Tyrrell Ford,1:19.900,1971,STE
Germany,Francois Cevert,Tyrrell Ford,7:20.100,1971,CEV
Austria,Jo  Siffert ,BRM,1:38.470,1971,SIF
Italy,Henri  Pescarolo ,March Ford,1:23.800,1971,PES
Canada,Denny  Hulme ,McLaren Ford,1:43.500,1971,HUL
United States,Jacky  Ickx ,Ferrari,1:43.474,1971,ICK
Argentina,Jackie  Stewart ,Tyrrell Ford,1:13.660,1972,STE
South Africa,Mike  Hailwood ,Surtees Ford,1:18.900,1972,HAI
Spain,Jacky  Ickx ,Ferrari,1:21.010,1972,ICK
Monaco,Jean-Pierre  Beltoise ,BRM,1:40.000,1972,BEL
Belgium,Chris  Amon ,Matra,1:12.120,1972,AMO
France,Chris  Amon ,Matra,2:53.900,1972,AMO
Great Britain,Jackie  Stewart ,Tyrrell Ford,1:24.000,1972,STE
Germany,Jacky  Ickx ,Ferrari,7:13.600,1972,ICK
Austria,Denny  Hulme ,McLaren Ford,1:38.320,1972,HUL
Italy,Jacky  Ickx ,Ferrari,1:36.300,1972,ICK
Canada,Jackie  Stewart ,Tyrrell Ford,1:15.700,1972,STE
United States,Jackie  Stewart ,Tyrrell Ford,1:41.644,1972,STE
Argentina,Emerson  Fittipaldi ,Lotus Ford,1:11.220,1973,FIT
Brazil,Emerson  Fittipaldi ,Lotus Ford,2:35.000,1973,FIT
South Africa,Emerson  Fittipaldi ,Lotus Ford,1:17.100,1973,FIT
Spain,Ronnie  Peterson ,Lotus Ford,1:23.800,1973,PET
Belgium,Francois Cevert,Tyrrell Ford,1:25.420,1973,CEV
Monaco,Emerson  Fittipaldi ,Lotus Ford,1:28.100,1973,FIT
Sweden,Denny  Hulme ,McLaren Ford,1:26.146,1973,HUL
France,Denny  Hulme ,McLaren Ford,1:50.990,1973,HUL
Great Britain,James  Hunt ,March Ford,1:18.600,1973,HUN
Netherlands,Ronnie  Peterson ,Lotus Ford,1:20.310,1973,PET
Germany,Carlos  Pace ,Surtees Ford,7:11.400,1973,PAC
Austria,Carlos  Pace ,Surtees Ford,1:37.290,1973,PAC
Italy,Jackie  Stewart ,Tyrrell Ford,1:35.300,1973,STE
Canada,Emerson  Fittipaldi ,Lotus Ford,1:15.496,1973,FIT
United States,James  Hunt ,March Ford,1:41.652,1973,HUN
Argentina,Clay  Regazzoni ,Ferrari,1:52.100,1974,REG
Brazil,Clay  Regazzoni ,Ferrari,2:36.050,1974,REG
South Africa,Carlos  Reutemann ,Brabham Ford,1:18.160,1974,REU
Spain,Niki  Lauda ,Ferrari,1:20.830,1974,LAU
Belgium,Denny  Hulme ,McLaren Ford,1:11.310,1974,HUL
Monaco,Ronnie  Peterson ,Lotus Ford,1:27.900,1974,PET
Sweden,Patrick  Depailler ,Tyrrell Ford,1:27.262,1974,DEP
Netherlands,Ronnie  Peterson ,Lotus Ford,1:21.440,1974,PET
France,Jody  Scheckter ,Tyrrell Ford,1:00.000,1974,SCH
Great Britain,Niki  Lauda ,Ferrari,1:21.100,1974,LAU
Germany,Jody  Scheckter ,Tyrrell Ford,7:11.100,1974,SCH
Austria,Clay  Regazzoni ,Ferrari,1:37.220,1974,REG
Italy,Carlos  Pace ,Brabham Ford,1:34.200,1974,PAC
Canada,Niki  Lauda ,Ferrari,1:13.659,1974,LAU
United States,Carlos  Pace ,Brabham Ford,1:40.608,1974,PAC
Argentina,James  Hunt ,Hesketh Ford,1:50.910,1975,HUN
Brazil,Jean-Pierre  Jarier ,Shadow Matra,2:34.160,1975,JAR
South Africa,Carlos  Pace ,Brabham Ford,1:17.200,1975,PAC
Spain,Mario  Andretti ,Parnelli Ford,1:25.100,1975,AND
Monaco,Patrick  Depailler ,Tyrrell Ford,1:28.670,1975,DEP
Belgium,Clay  Regazzoni ,Ferrari,1:26.760,1975,REG
Sweden,Niki  Lauda ,Ferrari,1:28.267,1975,LAU
Netherlands,Niki  Lauda ,Ferrari,1:21.540,1975,LAU
France,Jochen  Mass ,McLaren Ford,1:50.600,1975,MAS
Great Britain,Clay  Regazzoni ,Ferrari,1:20.900,1975,REG
Germany,Clay  Regazzoni ,Ferrari,7:06.400,1975,REG
Austria,Vittorio  Brambilla ,March Ford,1:53.900,1975,BRA
Italy,Clay  Regazzoni ,Ferrari,1:33.100,1975,REG
United States,Emerson  Fittipaldi ,McLaren Ford,1:43.374,1975,FIT
Brazil,Jean-Pierre  Jarier ,Shadow Ford,2:35.070,1976,JAR
South Africa,Niki  Lauda ,Ferrari,1:17.970,1976,LAU
USA West,Clay  Regazzoni ,Ferrari,1:23.076,1976,REG
Spain,Jochen  Mass ,McLaren Ford,1:20.930,1976,MAS
Belgium,Niki  Lauda ,Ferrari,1:25.980,1976,LAU
Monaco,Clay  Regazzoni ,Ferrari,1:30.280,1976,REG
Sweden,Mario  Andretti ,Lotus Ford,1:28.002,1976,AND
France,Niki  Lauda ,Ferrari,1:51.000,1976,LAU
Great Britain,Niki  Lauda ,Ferrari,1:19.910,1976,LAU
Germany,Jody  Scheckter ,Tyrrell Ford,7:10.800,1976,SCH
Austria,James  Hunt ,McLaren Ford,1:35.910,1976,HUN
Netherlands,Clay  Regazzoni ,Ferrari,1:22.590,1976,REG
Italy,Ronnie  Peterson ,March Ford,1:41.300,1976,PET
Canada,Patrick  Depailler ,Tyrrell Ford,1:13.817,1976,DEP
USA East,James  Hunt ,McLaren Ford,1:42.851,1976,HUN
Japan,Jacques  Laffite ,Ligier Matra,1:19.970,1976,LAF
Argentina,James  Hunt ,McLaren Ford,1:51.060,1977,HUN
Brazil,James  Hunt ,McLaren Ford,2:34.550,1977,HUN
South Africa,John  Watson ,Brabham Alfa Romeo,1:17.630,1977,WAT
USA West,Niki  Lauda ,Ferrari,1:22.753,1977,LAU
Spain,Jacques  Laffite ,Ligier Matra,1:20.810,1977,LAF
Monaco,Jody  Scheckter ,Wolf Ford,1:31.070,1977,SCH
Belgium,Gunnar  Nilsson ,Lotus Ford,1:27.540,1977,NIL
Sweden,Mario  Andretti ,Lotus Ford,1:27.607,1977,AND
France,Mario  Andretti ,Lotus Ford,1:13.750,1977,AND
Great Britain,James  Hunt ,McLaren Ford,1:19.600,1977,HUN
Germany,Niki  Lauda ,Ferrari,1:55.990,1977,LAU
Austria,John  Watson ,Brabham Alfa Romeo,1:40.960,1977,WAT
Netherlands,Niki  Lauda ,Ferrari,1:19.990,1977,LAU
Italy,Mario  Andretti ,Lotus Ford,1:39.100,1977,AND
USA East,Ronnie  Peterson ,Tyrrell Ford,1:51.854,1977,PET
Canada,Mario  Andretti ,Lotus Ford,1:13.299,1977,AND
Japan,Jody  Scheckter ,Wolf Ford,1:14.300,1977,SCH
Argentina,Gilles  Villeneuve ,Ferrari,1:49.760,1978,VIL
Brazil,Carlos  Reutemann ,Ferrari,1:43.070,1978,REU
South Africa,Mario  Andretti ,Lotus Ford,1:17.090,1978,AND
USA West,Alan Jones ,Williams Ford,1:22.215,1978,JON
Monaco,Niki  Lauda ,Brabham Alfa Romeo,1:28.650,1978,LAU
Belgium,Ronnie  Peterson ,Lotus Ford,1:23.130,1978,PET
Spain,Mario  Andretti ,Lotus Ford,1:20.060,1978,AND
Sweden,Niki  Lauda ,Brabham Alfa Romeo,1:24.836,1978,LAU
France,Carlos  Reutemann ,Ferrari,1:48.560,1978,REU
Great Britain,Niki  Lauda ,Brabham Alfa Romeo,1:18.600,1978,LAU
Germany,Ronnie  Peterson ,Lotus Ford,1:55.620,1978,PET
Austria,Ronnie  Peterson ,Lotus Ford,1:43.120,1978,PET
Netherlands,Niki  Lauda ,Brabham Alfa Romeo,1:19.570,1978,LAU
Italy,Mario  Andretti ,Lotus Ford,1:38.230,1978,AND
USA East,Jean-Pierre  Jarier ,Lotus Ford,1:39.557,1978,JAR
Canada,Alan Jones ,Williams Ford,1:38.072,1978,JON
Argentina,Jacques  Laffite ,Ligier Ford,1:46.910,1979,LAF
Brazil,Jacques  Laffite ,Ligier Ford,2:28.760,1979,LAF
South Africa,Gilles  Villeneuve ,Ferrari,1:14.412,1979,VIL
USA West,Gilles  Villeneuve ,Ferrari,1:21.200,1979,VIL
Spain,Gilles  Villeneuve ,Ferrari,1:16.440,1979,VIL
Belgium,Gilles  Villeneuve ,Ferrari,1:23.090,1979,VIL
Monaco,Patrick  Depailler ,Ligier Ford,1:28.820,1979,DEP
France,Rene  Arnoux ,Renault,1:09.160,1979,ARN
Great Britain,Clay  Regazzoni ,Williams Ford,1:14.400,1979,REG
Germany,Gilles  Villeneuve ,Ferrari,1:51.890,1979,VIL
Austria,Rene  Arnoux ,Renault,1:35.770,1979,ARN
Netherlands,Gilles  Villeneuve ,Ferrari,1:19.438,1979,VIL
Italy,Clay  Regazzoni ,Williams Ford,1:35.600,1979,REG
Canada,Alan Jones ,Williams Ford,1:31.272,1979,JON
USA East,Nelson  Piquet ,Brabham Ford,1:40.054,1979,PIQ
Argentina,Alan Jones ,Williams Ford,1:50.450,1980,JON
Brazil,Rene  Arnoux ,Renault,2:27.310,1980,ARN
South Africa,Rene  Arnoux ,Renault,1:13.150,1980,ARN
USA West,Nelson  Piquet ,Brabham Ford,1:19.830,1980,PIQ
Belgium,Jacques  Laffite ,Ligier Ford,1:20.880,1980,LAF
Monaco,Carlos  Reutemann ,Williams Ford,1:27.418,1980,REU
France,Alan Jones ,Williams Ford,1:41.450,1980,JON
Great Britain,Didier  Pironi ,Ligier Ford,1:12.368,1980,PIR
Germany,Alan Jones ,Williams Ford,1:48.490,1980,JON
Austria,Rene  Arnoux ,Renault,1:32.530,1980,ARN
Netherlands,Rene  Arnoux ,Renault,1:19.350,1980,ARN
Italy,Alan Jones ,Williams Ford,1:36.089,1980,JON
Canada,Didier  Pironi ,Ligier Ford,1:28.769,1980,PIR
USA East,Alan Jones ,Williams Ford,1:34.068,1980,JON
USA West,Alan Jones ,Williams Ford,1:20.901,1981,JON
Brazil,Marc  Surer ,Ensign Ford,1:54.302,1981,SUR
Argentina,Nelson  Piquet ,Brabham Ford,1:45.287,1981,PIQ
San Marino,Gilles  Villeneuve ,Ferrari,1:48.064,1981,VIL
Belgium,Carlos  Reutemann ,Williams Ford,1:23.300,1981,REU
Monaco,Alan Jones ,Williams Ford,1:27.470,1981,JON
Spain,Alan Jones ,Williams Ford,1:17.818,1981,JON
France,Alain  Prost ,Renault,1:09.140,1981,PRO
Great Britain,Rene  Arnoux ,Renault,1:15.067,1981,ARN
Germany,Alan Jones ,Williams Ford,1:52.420,1981,JON
Austria,Jacques  Laffite ,Ligier Matra,1:37.620,1981,LAF
Netherlands,Alan Jones ,Williams Ford,1:21.830,1981,JON
Italy,Carlos  Reutemann ,Williams Ford,1:37.528,1981,REU
Canada,John  Watson ,McLaren Ford,1:49.475,1981,WAT
Caesar's Palace,Didier  Pironi ,Ferrari,1:20.156,1981,PIR
South Africa,Alain  Prost ,Renault,1:08.278,1982,PRO
Brazil,Alain  Prost ,Renault,1:37.016,1982,PRO
USA West,Niki  Lauda ,McLaren Ford,1:30.831,1982,LAU
San Marino,Didier  Pironi ,Ferrari,1:35.036,1982,PIR
Belgium,John  Watson ,McLaren Ford,1:20.214,1982,WAT
Monaco,Riccardo  Patrese ,Brabham Ford,1:26.354,1982,PAT
Detroit,Alain  Prost ,Renault,1:50.438,1982,PRO
Canada,Didier  Pironi ,Ferrari,1:28.323,1982,PIR
Netherlands,Derek  Warwick ,Toleman Hart,1:19.780,1982,WAR
Great Britain,Brian  Henton ,Tyrrell Ford,1:13.028,1982,HEN
France,Riccardo  Patrese ,Brabham Ford,1:40.075,1982,PAT
Germany,Nelson  Piquet ,Brabham Ford,1:54.035,1982,PIQ
Austria,Nelson  Piquet ,Brabham Ford,1:33.699,1982,PIQ
Switzerland,Alain  Prost ,Renault,1:07.477,1982,PRO
Italy,Rene  Arnoux ,Renault,1:33.619,1982,ARN
Caesar's Palace,Michele  Alboreto ,Tyrrell Ford,1:19.639,1982,ALB
Brazil,Nelson  Piquet ,Brabham BMW,1:39.829,1983,PIQ
USA West,Niki  Lauda ,McLaren TAG,1:28.330,1983,LAU
France,Alain  Prost ,Renault,1:42.695,1983,PRO
San Marino,Riccardo  Patrese ,Brabham BMW,1:34.437,1983,PAT
Monaco,Nelson  Piquet ,Brabham BMW,1:27.283,1983,PIQ
Belgium,Andrea  de Cesaris ,Alfa Romeo,2:07.493,1983,DEC
Detroit,John  Watson ,McLaren TAG,1:47.668,1983,WAT
Canada,Patrick  Tambay ,Ferrari,1:30.851,1983,TAM
Great Britain,Alain  Prost ,Renault,1:14.212,1983,PRO
Germany,Rene  Arnoux ,Ferrari,1:53.938,1983,ARN
Austria,Alain  Prost ,Renault,1:33.961,1983,PRO
Netherlands,Rene  Arnoux ,Ferrari,1:19.863,1983,ARN
Italy,Nelson  Piquet ,Brabham BMW,1:34.431,1983,PIQ
Europe,Nigel  Mansell ,Lotus Ford,1:14.342,1983,MAN
South Africa,Nelson  Piquet ,Brabham BMW,1:09.948,1983,PIQ
Brazil,Alain  Prost ,McLaren TAG,1:36.499,1984,PRO
South Africa,Patrick  Tambay ,Renault,1:08.877,1984,TAM
Belgium,Rene  Arnoux ,Ferrari,1:19.294,1984,ARN
San Marino,Nelson  Piquet ,Brabham BMW,1:33.275,1984,PIQ
France,Alain  Prost ,McLaren TAG,1:05.257,1984,PRO
Monaco,Ayrton  Senna ,Toleman Hart,1:54.334,1984,SEN
Canada,Nelson  Piquet ,Brabham BMW,1:28.763,1984,PIQ
Detroit,Derek  Warwick ,Renault,1:46.221,1984,WAR
Dallas,Niki  Lauda ,McLaren TAG,1:45.353,1984,LAU
Great Britain,Niki  Lauda ,McLaren TAG,1:13.191,1984,LAU
Germany,Alain  Prost ,McLaren TAG,1:53.538,1984,PRO
Austria,Niki  Lauda ,McLaren TAG,1:32.882,1984,LAU
Netherlands,Rene  Arnoux ,Ferrari,1:19.465,1984,ARN
Italy,Niki  Lauda ,McLaren TAG,1:31.912,1984,LAU
Europe,Nelson  Piquet ,Brabham BMW,1:23.146,1984,PIQ
Portugal,Niki  Lauda ,McLaren TAG,1:22.996,1984,LAU
Brazil,Alain  Prost ,McLaren TAG,1:36.702,1985,PRO
Portugal,Ayrton  Senna ,Lotus Renault,1:44.121,1985,SEN
San Marino,Michele  Alboreto ,Ferrari,1:30.961,1985,ALB
Monaco,Michele  Alboreto ,Ferrari,1:22.637,1985,ALB
Canada,Ayrton  Senna ,Lotus Renault,1:27.445,1985,SEN
Detroit,Ayrton  Senna ,Lotus Renault,1:45.612,1985,SEN
France,Keke  Rosberg ,Williams Honda,1:39.914,1985,ROS
Great Britain,Alain  Prost ,McLaren TAG,1:09.886,1985,PRO
Germany,Niki  Lauda ,McLaren TAG,1:22.806,1985,LAU
Austria,Alain  Prost ,McLaren TAG,1:29.241,1985,PRO
Netherlands,Alain  Prost ,McLaren TAG,1:16.538,1985,PRO
Italy,Nigel  Mansell ,Williams Honda,1:28.283,1985,MAN
Belgium,Alain  Prost ,McLaren TAG,2:01.730,1985,PRO
Europe,Jacques  Laffite ,Ligier Renault,1:11.526,1985,LAF
South Africa,Keke  Rosberg ,Williams Honda,1:08.149,1985,ROS
Australia,Keke  Rosberg ,Williams Honda,1:23.758,1985,ROS
Brazil,Nelson  Piquet ,Williams Honda,1:33.546,1986,PIQ
Spain,Nigel  Mansell ,Williams Honda,1:27.176,1986,MAN
San Marino,Nelson  Piquet ,Williams Honda,1:28.667,1986,PIQ
Monaco,Alain  Prost ,McLaren TAG,1:26.607,1986,PRO
Belgium,Alain  Prost ,McLaren TAG,1:59.282,1986,PRO
Canada,Nelson  Piquet ,Williams Honda,1:25.443,1986,PIQ
Detroit,Nelson  Piquet ,Williams Honda,1:41.233,1986,PIQ
France,Nigel  Mansell ,Williams Honda,1:09.993,1986,MAN
Great Britain,Nigel  Mansell ,Williams Honda,1:09.593,1986,MAN
Germany,Gerhard  Berger ,Benetton BMW,1:46.604,1986,BER
Hungary,Nelson  Piquet ,Williams Honda,1:31.001,1986,PIQ
Austria,Gerhard  Berger ,Benetton BMW,1:29.444,1986,BER
Italy,Teo  Fabi ,Benetton BMW,1:28.099,1986,FAB
Portugal,Nigel  Mansell ,Williams Honda,1:20.943,1986,MAN
Mexico,Nelson  Piquet ,Williams Honda,1:19.360,1986,PIQ
Australia,Nelson  Piquet ,Williams Honda,1:20.787,1986,PIQ
Brazil,Nelson  Piquet ,Williams Honda,1:33.861,1987,PIQ
San Marino,Teo  Fabi ,Benetton Ford,1:29.246,1987,FAB
Belgium,Alain  Prost ,McLaren TAG,1:57.153,1987,PRO
Monaco,Ayrton  Senna ,Lotus Honda,1:27.685,1987,SEN
Detroit,Ayrton  Senna ,Lotus Honda,1:40.464,1987,SEN
France,Nelson  Piquet ,Williams Honda,1:09.548,1987,PIQ
Great Britain,Nigel  Mansell ,Williams Honda,1:09.832,1987,MAN
Germany,Nigel  Mansell ,Williams Honda,1:45.716,1987,MAN
Hungary,Nelson  Piquet ,Williams Honda,1:30.149,1987,PIQ
Austria,Nigel  Mansell ,Williams Honda,1:28.318,1987,MAN
Italy,Ayrton  Senna ,Lotus Honda,1:26.796,1987,SEN
Portugal,Gerhard  Berger ,Ferrari,1:19.282,1987,BER
Spain,Gerhard  Berger ,Ferrari,1:26.986,1987,BER
Mexico,Nelson  Piquet ,Williams Honda,1:19.132,1987,PIQ
Japan,Alain  Prost ,McLaren TAG,1:43.844,1987,PRO
Australia,Gerhard  Berger ,Ferrari,1:20.416,1987,BER
Brazil,Gerhard  Berger ,Ferrari,1:32.943,1988,BER
San Marino,Alain  Prost ,McLaren Honda,1:29.685,1988,PRO
Monaco,Ayrton  Senna ,McLaren Honda,1:26.321,1988,SEN
Mexico,Alain  Prost ,McLaren Honda,1:18.608,1988,PRO
Canada,Ayrton  Senna ,McLaren Honda,1:24.973,1988,SEN
Detroit,Alain  Prost ,McLaren Honda,1:44.836,1988,PRO
France,Alain  Prost ,McLaren Honda,1:11.737,1988,PRO
Great Britain,Nigel  Mansell ,Williams Judd,1:23.308,1988,MAN
Germany,Alessandro  Nannini ,Benetton Ford,2:03.032,1988,NAN
Hungary,Alain  Prost ,McLaren Honda,1:30.639,1988,PRO
Belgium,Gerhard  Berger ,Ferrari,2:00.772,1988,BER
Italy,Michele  Alboreto ,Ferrari,1:29.070,1988,ALB
Portugal,Gerhard  Berger ,Ferrari,1:21.961,1988,BER
Spain,Alain  Prost ,McLaren Honda,1:27.845,1988,PRO
Japan,Ayrton  Senna ,McLaren Honda,1:46.326,1988,SEN
Australia,Alain  Prost ,McLaren Honda,1:21.216,1988,PRO
Brazil,Riccardo  Patrese ,Williams Renault,1:32.507,1989,PAT
San Marino,Alain  Prost ,McLaren Honda,1:26.795,1989,PRO
Monaco,Alain  Prost ,McLaren Honda,1:25.501,1989,PRO
Mexico,Nigel  Mansell ,Ferrari,1:20.420,1989,MAN
United States,Ayrton  Senna ,McLaren Honda,1:33.969,1989,SEN
Canada,Jonathan Palmer ,Tyrrell Ford,1:31.925,1989,PAL
France,Mauricio  Gugelmin ,March Judd,1:12.090,1989,GUG
Great Britain,Nigel  Mansell ,Ferrari,1:12.017,1989,MAN
Germany,Ayrton  Senna ,McLaren Honda,1:45.884,1989,SEN
Hungary,Nigel  Mansell ,Ferrari,1:22.637,1989,MAN
Belgium,Alain  Prost ,McLaren Honda,2:11.571,1989,PRO
Italy,Alain  Prost ,McLaren Honda,1:28.107,1989,PRO
Portugal,Gerhard  Berger ,Ferrari,1:18.986,1989,BER
Spain,Ayrton  Senna ,McLaren Honda,1:25.779,1989,SEN
Japan,Alain  Prost ,McLaren Honda,1:43.506,1989,PRO
Australia,Satoru  Nakajima ,Lotus Judd,1:38.480,1989,NAK
United States,Gerhard  Berger ,McLaren Honda,1:31.050,1990,BER
Brazil,Gerhard  Berger ,McLaren Honda,1:19.899,1990,BER
San Marino,Alessandro  Nannini ,Benetton Ford,1:27.156,1990,NAN
Monaco,Ayrton  Senna ,McLaren Honda,1:24.468,1990,SEN
Canada,Gerhard  Berger ,McLaren Honda,1:22.077,1990,BER
Mexico,Alain  Prost ,Ferrari,1:17.958,1990,PRO
France,Nigel  Mansell ,Ferrari,1:08.012,1990,MAN
Great Britain,Nigel  Mansell ,Ferrari,1:11.291,1990,MAN
Germany,Thierry  Boutsen ,Williams Renault,1:45.602,1990,BOU
Hungary,Riccardo  Patrese ,Williams Renault,1:22.058,1990,PAT
Belgium,Alain  Prost ,Ferrari,1:55.087,1990,PRO
Italy,Ayrton  Senna ,McLaren Honda,1:26.254,1990,SEN
Portugal,Riccardo  Patrese ,Williams Renault,1:18.306,1990,PAT
Spain,Riccardo  Patrese ,Williams Renault,1:24.513,1990,PAT
Japan,Riccardo  Patrese ,Williams Renault,1:44.233,1990,PAT
Australia,Nigel  Mansell ,Ferrari,1:18.203,1990,MAN
United States,Jean  Alesi ,Ferrari,1:26.758,1991,ALE
Brazil,Nigel  Mansell ,Williams Renault,1:20.436,1991,MAN
San Marino,Gerhard  Berger ,McLaren Honda,1:26.531,1991,BER
Monaco,Alain  Prost ,Ferrari,1:24.368,1991,PRO
Canada,Nigel  Mansell ,Williams Renault,1:22.385,1991,MAN
Mexico,Nigel  Mansell ,Williams Renault,1:16.788,1991,MAN
France,Nigel  Mansell ,Williams Renault,1:19.168,1991,MAN
Great Britain,Nigel  Mansell ,Williams Renault,1:26.379,1991,MAN
Germany,Riccardo  Patrese ,Williams Renault,1:43.569,1991,PAT
Hungary,Bertrand  Gachot ,Jordan Ford,1:21.547,1991,GAC
Belgium,Roberto  Moreno ,Benetton Ford,1:55.161,1991,MOR
Italy,Ayrton  Senna ,McLaren Honda,1:26.061,1991,SEN
Portugal,Nigel  Mansell ,Williams Renault,1:18.179,1991,MAN
Spain,Riccardo  Patrese ,Williams Renault,1:22.837,1991,PAT
Japan,Ayrton  Senna ,McLaren Honda,1:41.532,1991,SEN
Australia,Gerhard  Berger ,McLaren Honda,1:41.141,1991,BER
South Africa,Nigel  Mansell ,Williams Renault,1:17.578,1992,MAN
Mexico,Gerhard  Berger ,McLaren Honda,1:17.711,1992,BER
Brazil,Riccardo  Patrese ,Williams Renault,1:19.490,1992,PAT
Spain,Nigel  Mansell ,Williams Renault,1:42.503,1992,MAN
San Marino,Riccardo  Patrese ,Williams Renault,1:26.100,1992,PAT
Monaco,Nigel  Mansell ,Williams Renault,1:21.598,1992,MAN
Canada,Gerhard  Berger ,McLaren Honda,1:22.325,1992,BER
France,Nigel  Mansell ,Williams Renault,1:17.070,1992,MAN
Great Britain,Nigel  Mansell ,Williams Renault,1:22.539,1992,MAN
Germany,Riccardo  Patrese ,Williams Renault,1:41.591,1992,PAT
Hungary,Nigel  Mansell ,Williams Renault,1:18.308,1992,MAN
Belgium,Michael  Schumacher ,Benetton Ford,1:53.791,1992,MSC
Italy,Nigel  Mansell ,Williams Renault,1:26.119,1992,MAN
Portugal,Ayrton  Senna ,McLaren Honda,1:16.272,1992,SEN
Japan,Nigel  Mansell ,Williams Renault,1:40.646,1992,MAN
Australia,Michael  Schumacher ,Benetton Ford,1:16.078,1992,MSC
South Africa,Alain  Prost ,Williams Renault,1:19.492,1993,PRO
Brazil,Michael  Schumacher ,Benetton Ford,1:20.024,1993,MSC
Europe,Ayrton  Senna ,McLaren Ford,1:18.029,1993,SEN
San Marino,Alain  Prost ,Williams Renault,1:26.128,1993,PRO
Spain,Michael  Schumacher ,Benetton Ford,1:20.989,1993,MSC
Monaco,Alain  Prost ,Williams Renault,1:23.604,1993,PRO
Canada,Michael  Schumacher ,Benetton Ford,1:21.500,1993,MSC
France,Michael  Schumacher ,Benetton Ford,1:19.256,1993,MSC
Great Britain,Damon  Hill ,Williams Renault,1:22.515,1993,HIL
Germany,Michael  Schumacher ,Benetton Ford,1:41.859,1993,MSC
Hungary,Alain  Prost ,Williams Renault,1:19.633,1993,PRO
Belgium,Alain  Prost ,Williams Renault,1:51.095,1993,PRO
Italy,Damon  Hill ,Williams Renault,1:23.575,1993,HIL
Portugal,Damon  Hill ,Williams Renault,1:14.859,1993,HIL
Japan,Alain  Prost ,Williams Renault,1:41.176,1993,PRO
Australia,Damon  Hill ,Williams Renault,1:15.381,1993,HIL
Brazil,Michael  Schumacher ,Benetton Ford,1:18.455,1994,MSC
Pacific,Michael  Schumacher ,Benetton Ford,1:14.023,1994,MSC
San Marino,Damon  Hill ,Williams Renault,1:24.335,1994,HIL
Monaco,Michael  Schumacher ,Benetton Ford,1:21.076,1994,MSC
Spain,Michael  Schumacher ,Benetton Ford,1:25.155,1994,MSC
Canada,Michael  Schumacher ,Benetton Ford,1:28.927,1994,MSC
France,Damon  Hill ,Williams Renault,1:19.678,1994,HIL
Great Britain,Damon  Hill ,Williams Renault,1:27.100,1994,HIL
Germany,David  Coulthard ,Williams Renault,1:46.211,1994,COU
Hungary,Michael  Schumacher ,Benetton Ford,1:20.881,1994,MSC
Belgium,Damon  Hill ,Williams Renault,1:57.117,1994,HIL
Italy,Damon  Hill ,Williams Renault,1:25.930,1994,HIL
Portugal,David  Coulthard ,Williams Renault,1:22.446,1994,COU
Europe,Michael  Schumacher ,Benetton Ford,1:25.040,1994,MSC
Japan,Damon  Hill ,Williams Renault,1:56.597,1994,HIL
Australia,Michael  Schumacher ,Benetton Ford,1:17.140,1994,MSC
Brazil,Michael  Schumacher ,Benetton Renault,1:20.921,1995,MSC
Argentina,Michael  Schumacher ,Benetton Renault,1:30.522,1995,MSC
San Marino,Gerhard  Berger ,Ferrari,1:29.568,1995,BER
Spain,Damon  Hill ,Williams Renault,1:24.531,1995,HIL
Monaco,Jean  Alesi ,Ferrari,1:24.621,1995,ALE
Canada,Michael  Schumacher ,Benetton Renault,1:29.174,1995,MSC
France,Michael  Schumacher ,Benetton Renault,1:20.218,1995,MSC
Great Britain,Damon  Hill ,Williams Renault,1:29.752,1995,HIL
Germany,Michael  Schumacher ,Benetton Renault,1:48.824,1995,MSC
Hungary,Damon  Hill ,Williams Renault,1:20.247,1995,HIL
Belgium,David  Coulthard ,Williams Renault,1:53.412,1995,COU
Italy,Gerhard  Berger ,Ferrari,1:26.419,1995,BER
Portugal,David  Coulthard ,Williams Renault,1:23.220,1995,COU
Europe,Michael  Schumacher ,Benetton Renault,1:21.180,1995,MSC
Pacific,Michael  Schumacher ,Benetton Renault,1:16.374,1995,MSC
Japan,Michael  Schumacher ,Benetton Renault,1:42.976,1995,MSC
Australia,Damon  Hill ,Williams Renault,1:17.943,1995,HIL
Australia,Jacques  Villeneuve ,Williams Renault,1:33.421,1996,VIL
Brazil,Damon  Hill ,Williams Renault,1:21.547,1996,HIL
Argentina,Jean  Alesi ,Benetton Renault,1:29.413,1996,ALE
Europe,Damon  Hill ,Williams Renault,1:21.363,1996,HIL
San Marino,Damon  Hill ,Williams Renault,1:28.931,1996,HIL
Monaco,Jean  Alesi ,Benetton Renault,1:25.205,1996,ALE
Spain,Michael  Schumacher ,Ferrari,1:45.517,1996,MSC
Canada,Jacques  Villeneuve ,Williams Renault,1:21.916,1996,VIL
France,Jacques  Villeneuve ,Williams Renault,1:18.610,1996,VIL
Great Britain,Jacques  Villeneuve ,Williams Renault,1:29.288,1996,VIL
Germany,Damon  Hill ,Williams Renault,1:46.504,1996,HIL
Hungary,Damon  Hill ,Williams Renault,1:20.093,1996,HIL
Belgium,Gerhard  Berger ,Benetton Renault,1:53.067,1996,BER
Italy,Michael  Schumacher ,Ferrari,1:26.110,1996,MSC
Portugal,Jacques  Villeneuve ,Williams Renault,1:22.873,1996,VIL
Japan,Jacques  Villeneuve ,Williams Renault,1:44.043,1996,VIL
Australia,Heinz-Harald  Frentzen ,Williams Renault,1:30.585,1997,FRE
Brazil,Jacques  Villeneuve ,Williams Renault,1:18.397,1997,VIL
Argentina,Gerhard  Berger ,Benetton Renault,1:27.981,1997,BER
San Marino,Heinz-Harald  Frentzen ,Williams Renault,1:25.531,1997,FRE
Monaco,Michael  Schumacher ,Ferrari,1:53.315,1997,MSC
Spain,Giancarlo  Fisichella ,Jordan Peugeot,1:22.242,1997,FIS
Canada,David  Coulthard ,McLaren Mercedes,1:19.635,1997,COU
France,Michael  Schumacher ,Ferrari,1:17.910,1997,MSC
Great Britain,Michael  Schumacher ,Ferrari,1:24.475,1997,MSC
Germany,Gerhard  Berger ,Benetton Renault,1:45.747,1997,BER
Hungary,Heinz-Harald  Frentzen ,Williams Renault,1:18.372,1997,FRE
Belgium,Jacques  Villeneuve ,Williams Renault,1:52.692,1997,VIL
Italy,Mika  Hakkinen ,McLaren Mercedes,1:24.808,1997,HAK
Austria,Jacques  Villeneuve ,Williams Renault,1:11.814,1997,VIL
Luxembourg,Heinz-Harald  Frentzen ,Williams Renault,1:18.805,1997,FRE
Japan,Heinz-Harald  Frentzen ,Williams Renault,1:38.942,1997,FRE
Europe,Heinz-Harald  Frentzen ,Williams Renault,1:23.135,1997,FRE
Australia,Mika  Hakkinen ,McLaren Mercedes,1:31.649,1998,HAK
Brazil,Mika  Hakkinen ,McLaren Mercedes,1:19.337,1998,HAK
Argentina,Alexander  Wurz ,Benetton Playlife,1:28.179,1998,WUR
San Marino,Michael  Schumacher ,Ferrari,1:29.345,1998,MSC
Spain,Mika  Hakkinen ,McLaren Mercedes,1:24.275,1998,HAK
Monaco,Mika  Hakkinen ,McLaren Mercedes,1:22.948,1998,HAK
Canada,Michael  Schumacher ,Ferrari,1:19.379,1998,MSC
France,David  Coulthard ,McLaren Mercedes,1:17.523,1998,COU
Great Britain,Michael  Schumacher ,Ferrari,1:35.704,1998,MSC
Austria,David  Coulthard ,McLaren Mercedes,1:12.878,1998,COU
Germany,David  Coulthard ,McLaren Mercedes,1:46.116,1998,COU
Hungary,Michael  Schumacher ,Ferrari,1:19.286,1998,MSC
Belgium,Michael  Schumacher ,Ferrari,2:03.766,1998,MSC
Italy,Mika  Hakkinen ,McLaren Mercedes,1:25.139,1998,HAK
Luxembourg,Mika  Hakkinen ,McLaren Mercedes,1:20.450,1998,HAK
Japan,Michael  Schumacher ,Ferrari,1:40.190,1998,MSC
Australia,Michael  Schumacher ,Ferrari,1:32.112,1999,MSC
Brazil,Mika  Hakkinen ,McLaren Mercedes,1:18.448,1999,HAK
San Marino,Michael  Schumacher ,Ferrari,1:28.547,1999,MSC
Monaco,Mika  Hakkinen ,McLaren Mercedes,1:22.259,1999,HAK
Spain,Michael  Schumacher ,Ferrari,1:24.982,1999,MSC
Canada,Eddie  Irvine ,Ferrari,1:20.382,1999,IRV
France,David  Coulthard ,McLaren Mercedes,1:19.227,1999,COU
Great Britain,Mika  Hakkinen ,McLaren Mercedes,1:28.309,1999,HAK
Austria,Mika  Hakkinen ,McLaren Mercedes,1:12.107,1999,HAK
Germany,David  Coulthard ,McLaren Mercedes,1:45.270,1999,COU
Hungary,David  Coulthard ,McLaren Mercedes,1:20.699,1999,COU
Belgium,Mika  Hakkinen ,McLaren Mercedes,1:53.955,1999,HAK
Italy,Ralf  Schumacher ,Williams Supertec,1:25.579,1999,RSC
Europe,Mika  Hakkinen ,McLaren Mercedes,1:21.282,1999,HAK
Malaysia,Heinz-Harald  Frentzen ,Jordan Mugen Honda,1:40.631,1999,FRE
Japan,Michael  Schumacher ,Ferrari,1:41.319,1999,MSC
Australia,Rubens  Barrichello ,Ferrari,1:31.481,2000,BAR
Brazil,Michael  Schumacher ,Ferrari,1:14.755,2000,MSC
San Marino,Mika  Hakkinen ,McLaren Mercedes,1:26.523,2000,HAK
Great Britain,Mika  Hakkinen ,McLaren Mercedes,1:26.217,2000,HAK
Spain,Mika  Hakkinen ,McLaren Mercedes,1:24.470,2000,HAK
Europe,Michael  Schumacher ,Ferrari,1:22.269,2000,MSC
Monaco,Mika  Hakkinen ,McLaren Mercedes,1:21.571,2000,HAK
Canada,Mika  Hakkinen ,McLaren Mercedes,1:19.049,2000,HAK
France,David  Coulthard ,McLaren Mercedes,1:19.479,2000,COU
Austria,David  Coulthard ,McLaren Mercedes,1:11.783,2000,COU
Germany,Rubens  Barrichello ,Ferrari,1:44.300,2000,BAR
Hungary,Mika  Hakkinen ,McLaren Mercedes,1:20.028,2000,HAK
Belgium,Rubens  Barrichello ,Ferrari,1:53.803,2000,BAR
Italy,Mika  Hakkinen ,McLaren Mercedes,1:25.595,2000,HAK
United States,David  Coulthard ,McLaren Mercedes,1:14.711,2000,COU
Japan,Mika  Hakkinen ,McLaren Mercedes,1:39.189,2000,HAK
Malaysia,Mika  Hakkinen ,McLaren Mercedes,1:38.543,2000,HAK
Australia,Michael  Schumacher ,Ferrari,1:28.214,2001,MSC
Malaysia,Mika  Hakkinen ,McLaren Mercedes,1:40.962,2001,HAK
Brazil,Ralf  Schumacher ,Williams BMW,1:15.693,2001,RSC
San Marino,Ralf  Schumacher ,Williams BMW,1:25.524,2001,RSC
Spain,Michael  Schumacher ,Ferrari,1:21.151,2001,MSC
Austria,David  Coulthard ,McLaren Mercedes,1:10.843,2001,COU
Monaco,David  Coulthard ,McLaren Mercedes,1:19.424,2001,COU
Canada,Ralf  Schumacher ,Williams BMW,1:17.205,2001,RSC
Europe,Juan Pablo  Montoya ,Williams BMW,1:18.354,2001,MOY
France,David  Coulthard ,McLaren Mercedes,1:16.088,2001,COU
Great Britain,Mika  Hakkinen ,McLaren Mercedes,1:23.405,2001,HAK
Germany,Juan Pablo  Montoya ,Williams BMW,1:41.808,2001,MOY
Hungary,Mika  Hakkinen ,McLaren Mercedes,1:16.723,2001,HAK
Belgium,Michael  Schumacher ,Ferrari,1:49.758,2001,MSC
Italy,Ralf  Schumacher ,Williams BMW,1:25.073,2001,RSC
United States,Juan Pablo  Montoya ,Williams BMW,1:14.448,2001,MOY
Japan,Ralf  Schumacher ,Williams BMW,1:36.944,2001,RSC
Australia,Kimi  RÃ¤ikkÃ¶nen ,McLaren Mercedes,1:28.541,2002,RAI
Malaysia,Juan Pablo  Montoya ,Williams BMW,1:38.049,2002,MOY
Brazil,Juan Pablo  Montoya ,Williams BMW,1:16.079,2002,MOY
San Marino,Rubens  Barrichello ,Ferrari,1:24.170,2002,BAR
Spain,Michael  Schumacher ,Ferrari,1:20.355,2002,MSC
Austria,Michael  Schumacher ,Ferrari,1:09.298,2002,MSC
Monaco,Rubens  Barrichello ,Ferrari,1:18.023,2002,BAR
Canada,Juan Pablo  Montoya ,Williams BMW,1:15.960,2002,MOY
Europe,Michael  Schumacher ,Ferrari,1:32.226,2002,MSC
Great Britain,Rubens  Barrichello ,Ferrari,1:23.083,2002,BAR
France,David  Coulthard ,McLaren Mercedes,1:15.045,2002,COU
Germany,Michael  Schumacher ,Ferrari,1:16.462,2002,MSC
Hungary,Michael  Schumacher ,Ferrari,1:16.207,2002,MSC
Belgium,Michael  Schumacher ,Ferrari,1:47.176,2002,MSC
Italy,Rubens  Barrichello ,Ferrari,1:23.657,2002,BAR
United States,Rubens  Barrichello ,Ferrari,1:12.738,2002,BAR
Japan,Michael  Schumacher ,Ferrari,1:36.125,2002,MSC
Australia,Kimi  RÃ¤ikkÃ¶nen ,McLaren Mercedes,1:27.724,2003,RAI
Malaysia,Michael  Schumacher ,Ferrari,1:36.412,2003,MSC
Brazil,Rubens  Barrichello ,Ferrari,1:22.032,2003,BAR
San Marino,Michael  Schumacher ,Ferrari,1:22.491,2003,MSC
Spain,Rubens  Barrichello ,Ferrari,1:20.143,2003,BAR
Austria,Michael  Schumacher ,Ferrari,1:08.337,2003,MSC
Monaco,Kimi  RÃ¤ikkÃ¶nen ,McLaren Mercedes,1:14.545,2003,RAI
Canada,Fernando  Alonso ,Renault,1:16.040,2003,ALO
Europe,Kimi  RÃ¤ikkÃ¶nen ,McLaren Mercedes,1:32.621,2003,RAI
France,Juan Pablo  Montoya ,Williams BMW,1:15.512,2003,MOY
Great Britain,Rubens  Barrichello ,Ferrari,1:22.236,2003,BAR
Germany,Juan Pablo  Montoya ,Williams BMW,1:14.917,2003,MOY
Hungary,Juan Pablo  Montoya ,Williams BMW,1:22.095,2003,MOY
Italy,Michael  Schumacher ,Ferrari,1:21.832,2003,MSC
United States,Michael  Schumacher ,Ferrari,1:11.473,2003,MSC
Japan,Ralf  Schumacher ,Williams BMW,1:33.408,2003,RSC
Australia,Michael  Schumacher ,Ferrari,1:24.125,2004,MSC
Malaysia,Juan Pablo  Montoya ,Williams BMW,1:34.223,2004,MOY
Bahrain,Michael  Schumacher ,Ferrari,1:30.252,2004,MSC
San Marino,Michael  Schumacher ,Ferrari,1:20.411,2004,MSC
Spain,Michael  Schumacher ,Ferrari,1:17.450,2004,MSC
Monaco,Michael  Schumacher ,Ferrari,1:14.439,2004,MSC
Europe,Michael  Schumacher ,Ferrari,1:29.468,2004,MSC
Canada,Rubens  Barrichello ,Ferrari,1:13.622,2004,BAR
United States,Rubens  Barrichello ,Ferrari,1:10.399,2004,BAR
France,Michael  Schumacher ,Ferrari,1:15.377,2004,MSC
Great Britain,Michael  Schumacher ,Ferrari,1:18.739,2004,MSC
Germany,Kimi  RÃ¤ikkÃ¶nen ,McLaren Mercedes,1:13.780,2004,RAI
Hungary,Michael  Schumacher ,Ferrari,1:19.071,2004,MSC
Belgium,Kimi  RÃ¤ikkÃ¶nen ,McLaren Mercedes,1:45.108,2004,RAI
Italy,Rubens  Barrichello ,Ferrari,1:21.046,2004,BAR
China,Michael  Schumacher ,Ferrari,1:32.238,2004,MSC
Japan,Rubens  Barrichello ,Ferrari,1:32.730,2004,BAR
Brazil,Juan Pablo  Montoya ,Williams BMW,1:11.473,2004,MOY
Australia,Fernando  Alonso ,Renault,1:25.683,2005,ALO
Malaysia,Kimi  RÃ¤ikkÃ¶nen ,McLaren Mercedes,1:35.483,2005,RAI
Bahrain,Pedro  de la Rosa ,McLaren Mercedes,1:31.447,2005,DLR
San Marino,Michael  Schumacher ,Ferrari,1:21.858,2005,MSC
Spain,Giancarlo  Fisichella ,Renault,1:15.641,2005,FIS
Monaco,Michael  Schumacher ,Ferrari,1:15.842,2005,MSC
Europe,Fernando  Alonso ,Renault,1:30.711,2005,ALO
Canada,Kimi  RÃ¤ikkÃ¶nen ,McLaren Mercedes,1:14.384,2005,RAI
United States,Michael  Schumacher ,Ferrari,1:11.497,2005,MSC
France,Kimi  RÃ¤ikkÃ¶nen ,McLaren Mercedes,1:16.423,2005,RAI
Great Britain,Kimi  RÃ¤ikkÃ¶nen ,McLaren Mercedes,1:20.502,2005,RAI
Germany,Kimi  RÃ¤ikkÃ¶nen ,McLaren Mercedes,1:14.873,2005,RAI
Hungary,Kimi  RÃ¤ikkÃ¶nen ,McLaren Mercedes,1:21.219,2005,RAI
Turkey,Juan Pablo  Montoya ,McLaren Mercedes,1:24.770,2005,MOY
Italy,Kimi  RÃ¤ikkÃ¶nen ,McLaren Mercedes,1:21.504,2005,RAI
Belgium,Ralf  Schumacher ,Toyota,1:51.453,2005,RSC
Brazil,Kimi  RÃ¤ikkÃ¶nen ,McLaren Mercedes,1:12.268,2005,RAI
Japan,Kimi  RÃ¤ikkÃ¶nen ,McLaren Mercedes,1:31.540,2005,RAI
China,Kimi  RÃ¤ikkÃ¶nen ,McLaren Mercedes,1:33.242,2005,RAI
Bahrain,Nico  Rosberg ,Williams Cosworth,1:32.408,2006,ROS
Malaysia,Fernando  Alonso ,Renault,1:34.803,2006,ALO
Australia,Kimi  RÃ¤ikkÃ¶nen ,McLaren Mercedes,1:26.045,2006,RAI
San Marino,Fernando  Alonso ,Renault,1:24.569,2006,ALO
Europe,Michael  Schumacher ,Ferrari,1:32.099,2006,MSC
Spain,Felipe  Massa ,Ferrari,1:16.648,2006,MAS
Monaco,Michael  Schumacher ,Ferrari,1:15.143,2006,MSC
Great Britain,Fernando  Alonso ,Renault,1:21.599,2006,ALO
Canada,Kimi  RÃ¤ikkÃ¶nen ,McLaren Mercedes,1:15.841,2006,RAI
United States,Michael  Schumacher ,Ferrari,1:12.719,2006,MSC
France,Michael  Schumacher ,Ferrari,1:17.111,2006,MSC
Germany,Michael  Schumacher ,Ferrari,1:16.357,2006,MSC
Hungary,Felipe  Massa ,Ferrari,1:23.516,2006,MAS
Turkey,Michael  Schumacher ,Ferrari,1:28.005,2006,MSC
Italy,Kimi  RÃ¤ikkÃ¶nen ,McLaren Mercedes,1:22.559,2006,RAI
China,Fernando  Alonso ,Renault,1:37.586,2006,ALO
Japan,Fernando  Alonso ,Renault,1:32.676,2006,ALO
Brazil,Michael  Schumacher ,Ferrari,1:12.162,2006,MSC
Australia,Kimi  RÃ¤ikkÃ¶nen ,Ferrari,1:25.235,2007,RAI
Malaysia,Lewis  Hamilton ,McLaren Mercedes,1:36.701,2007,HAM
Bahrain,Felipe  Massa ,Ferrari,1:34.067,2007,MAS
Spain,Felipe  Massa ,Ferrari,1:22.680,2007,MAS
Monaco,Fernando  Alonso ,McLaren Mercedes,1:15.284,2007,ALO
Canada,Fernando  Alonso ,McLaren Mercedes,1:16.367,2007,ALO
United States,Kimi  RÃ¤ikkÃ¶nen ,Ferrari,1:13.117,2007,RAI
France,Felipe  Massa ,Ferrari,1:16.099,2007,MAS
Great Britain,Kimi  RÃ¤ikkÃ¶nen ,Ferrari,1:20.638,2007,RAI
Europe,Felipe  Massa ,Ferrari,1:32.853,2007,MAS
Hungary,Kimi  RÃ¤ikkÃ¶nen ,Ferrari,1:20.047,2007,RAI
Turkey,Kimi  RÃ¤ikkÃ¶nen ,Ferrari,1:27.295,2007,RAI
Italy,Fernando  Alonso ,McLaren Mercedes,1:22.871,2007,ALO
Belgium,Felipe  Massa ,Ferrari,1:48.036,2007,MAS
Japan,Lewis  Hamilton ,McLaren Mercedes,1:28.193,2007,HAM
China,Felipe  Massa ,Ferrari,1:37.454,2007,MAS
Brazil,Kimi  RÃ¤ikkÃ¶nen ,Ferrari,1:12.445,2007,RAI
Australia,Heikki  Kovalainen ,McLaren Mercedes,1:27.418,2008,KOV
Malaysia,Nick  Heidfeld ,Sauber BMW,1:35.366,2008,HEI
Bahrain,Heikki  Kovalainen ,McLaren Mercedes,1:33.193,2008,KOV
Spain,Kimi  RÃ¤ikkÃ¶nen ,Ferrari,1:21.670,2008,RAI
Turkey,Kimi  RÃ¤ikkÃ¶nen ,Ferrari,1:26.506,2008,RAI
Monaco,Kimi  RÃ¤ikkÃ¶nen ,Ferrari,1:16.689,2008,RAI
Canada,Kimi  RÃ¤ikkÃ¶nen ,Ferrari,1:17.387,2008,RAI
France,Kimi  RÃ¤ikkÃ¶nen ,Ferrari,1:16.630,2008,RAI
Great Britain,Kimi  RÃ¤ikkÃ¶nen ,Ferrari,1:32.150,2008,RAI
Germany,Nick  Heidfeld ,Sauber BMW,1:15.987,2008,HEI
Hungary,Kimi  RÃ¤ikkÃ¶nen ,Ferrari,1:21.195,2008,RAI
Europe,Felipe  Massa ,Ferrari,1:38.708,2008,MAS
Belgium,Kimi  RÃ¤ikkÃ¶nen ,Ferrari,1:47.930,2008,RAI
Italy,Kimi  RÃ¤ikkÃ¶nen ,Ferrari,1:28.047,2008,RAI
Singapore,Kimi  RÃ¤ikkÃ¶nen ,Ferrari,1:45.599,2008,RAI
Japan,Felipe  Massa ,Ferrari,1:18.426,2008,MAS
China,Lewis  Hamilton ,McLaren Mercedes,1:36.325,2008,HAM
Brazil,Felipe  Massa ,Ferrari,1:13.736,2008,MAS
Australia,Nico  Rosberg ,Williams Toyota,1:27.706,2009,ROS
Malaysia,Jenson  Button ,Brawn Mercedes,1:36.641,2009,BUT
China,Rubens  Barrichello ,Brawn Mercedes,1:52.592,2009,BAR
Bahrain,Jarno  Trulli ,Toyota,1:34.556,2009,TRU
Spain,Rubens  Barrichello ,Brawn Mercedes,1:22.762,2009,BAR
Monaco,Felipe  Massa ,Ferrari,1:15.154,2009,MAS
Turkey,Jenson  Button ,Brawn Mercedes,1:27.579,2009,BUT
Great Britain,Sebastian  Vettel ,RBR Renault,1:20.735,2009,VET
Germany,Fernando  Alonso ,Renault,1:33.365,2009,ALO
Hungary,Mark  Webber ,RBR Renault,1:21.931,2009,WEB
Europe,Timo  Glock ,Toyota,1:38.683,2009,GLO
Belgium,Sebastian  Vettel ,RBR Renault,1:47.263,2009,VET
Italy,Adrian  Sutil ,Force India Mercedes,1:24.739,2009,SUT
Singapore,Fernando  Alonso ,Renault,1:48.240,2009,ALO
Japan,Mark  Webber ,RBR Renault,1:32.569,2009,WEB
Brazil,Mark  Webber ,RBR Renault,1:13.733,2009,WEB
Abu Dhabi,Sebastian  Vettel ,RBR Renault,1:40.279,2009,VET
Bahrain,Fernando  Alonso ,Ferrari,1:58.287,2010,ALO
Australia,Mark  Webber ,RBR Renault,1:28.358,2010,WEB
Malaysia,Mark  Webber ,RBR Renault,1:37.054,2010,WEB
China,Lewis  Hamilton ,McLaren Mercedes,1:42.061,2010,HAM
Spain,Lewis  Hamilton ,McLaren Mercedes,1:24.357,2010,HAM
Monaco,Sebastian  Vettel ,RBR Renault,1:15.192,2010,VET
Turkey,Vitaly  Petrov ,Renault,1:29.165,2010,PET
Canada,Robert  Kubica ,Renault,1:16.972,2010,KUB
Europe,Jenson  Button ,McLaren Mercedes,1:38.766,2010,BUT
Great Britain,Fernando  Alonso ,Ferrari,1:30.874,2010,ALO
Germany,Sebastian  Vettel ,RBR Renault,1:15.824,2010,VET
Hungary,Sebastian  Vettel ,RBR Renault,1:22.362,2010,VET
Belgium,Lewis  Hamilton ,McLaren Mercedes,1:49.069,2010,HAM
Italy,Fernando  Alonso ,Ferrari,1:24.139,2010,ALO
Singapore,Fernando  Alonso ,Ferrari,1:47.976,2010,ALO
Japan,Mark  Webber ,RBR Renault,1:33.474,2010,WEB
South Korea,Fernando  Alonso ,Ferrari,1:50.257,2010,ALO
Brazil,Lewis  Hamilton ,McLaren Mercedes,1:13.851,2010,HAM
Abu Dhabi,Lewis  Hamilton ,McLaren Mercedes,1:41.274,2010,HAM
Australia,Felipe  Massa ,Ferrari,1:28.947,2011,MAS
Malaysia,Mark  Webber ,Red Bull Racing Renault,1:40.571,2011,WEB
China,Mark  Webber ,Red Bull Racing Renault,1:38.993,2011,WEB
Turkey,Mark  Webber ,Red Bull Racing Renault,1:29.703,2011,WEB
Spain,Lewis  Hamilton ,McLaren Mercedes,1:26.727,2011,HAM
Monaco,Mark  Webber ,Red Bull Racing Renault,1:16.234,2011,WEB
Canada,Jenson  Button ,McLaren Mercedes,1:16.956,2011,BUT
Europe,Sebastian  Vettel ,Red Bull Racing Renault,1:41.852,2011,VET
Great Britain,Fernando  Alonso ,Ferrari,1:34.908,2011,ALO
Germany,Lewis  Hamilton ,McLaren Mercedes,1:34.302,2011,HAM
Hungary,Felipe  Massa ,Ferrari,1:23.415,2011,MAS
Belgium,Mark  Webber ,Red Bull Racing Renault,1:49.883,2011,WEB
Italy,Lewis  Hamilton ,McLaren Mercedes,1:26.187,2011,HAM
Singapore,Jenson  Button ,McLaren Mercedes,1:48.454,2011,BUT
Japan,Jenson  Button ,McLaren Mercedes,1:36.568,2011,BUT
South Korea,Sebastian  Vettel ,Red Bull Racing Renault,1:39.605,2011,VET
India,Sebastian  Vettel ,Red Bull Racing Renault,1:27.249,2011,VET
Abu Dhabi,Mark  Webber ,Red Bull Racing Renault,1:42.612,2011,WEB
Brazil,Mark  Webber ,Red Bull Racing Renault,1:15.324,2011,WEB
Australia,Jenson  Button ,McLaren Mercedes,1:29.187,2012,BUT
Malaysia,Kimi  RÃ¤ikkÃ¶nen ,Lotus Renault,1:40.722,2012,RAI
China,Kamui  Kobayashi ,Sauber Ferrari,1:39.960,2012,KOB
Bahrain,Sebastian  Vettel ,Red Bull Racing Renault,1:36.379,2012,VET
Spain,Romain  Grosjean ,Lotus Renault,1:26.250,2012,GRO
Monaco,Sergio  Perez ,Sauber Ferrari,1:17.296,2012,PER
Canada,Sebastian  Vettel ,Red Bull Racing Renault,1:15.752,2012,VET
Europe,Nico  Rosberg ,Mercedes,1:42.163,2012,ROS
Great Britain,Kimi  RÃ¤ikkÃ¶nen ,Lotus Renault,1:34.661,2012,RAI
Germany,Michael  Schumacher ,Mercedes,1:18.725,2012,MSC
Hungary,Sebastian  Vettel ,Red Bull Racing Renault,1:24.136,2012,VET
Belgium,Bruno  Senna ,Williams Renault,1:52.822,2012,SEN
Italy,Nico  Rosberg ,Mercedes,1:27.239,2012,ROS
Singapore,Nico  Hulkenberg ,Force India Mercedes,1:51.033,2012,HUL
Japan,Sebastian  Vettel ,Red Bull Racing Renault,1:35.774,2012,VET
South Korea,Mark  Webber ,Red Bull Racing Renault,1:42.037,2012,WEB
India,Jenson  Button ,McLaren Mercedes,1:28.203,2012,BUT
Abu Dhabi,Sebastian  Vettel ,Red Bull Racing Renault,1:43.964,2012,VET
United States,Sebastian  Vettel ,Red Bull Racing Renault,1:39.347,2012,VET
Brazil,Lewis  Hamilton ,McLaren Mercedes,1:18.069,2012,HAM
Australia,Kimi  RÃ¤ikkÃ¶nen ,Lotus Renault,1:29.274,2013,RAI
Malaysia,Sergio  Perez ,McLaren Mercedes,1:39.199,2013,PER
China,Sebastian  Vettel ,Red Bull Racing Renault,1:36.808,2013,VET
Bahrain,Sebastian  Vettel ,Red Bull Racing Renault,1:36.961,2013,VET
Spain,Esteban  Gutierrez,Sauber Ferrari,1:26.217,2013,GUT
Monaco,Sebastian  Vettel ,Red Bull Racing Renault,1:16.577,2013,VET
Canada,Mark  Webber ,Red Bull Racing Renault,1:16.182,2013,WEB
Great Britain,Mark  Webber ,Red Bull Racing Renault,1:33.401,2013,WEB
Germany,Fernando  Alonso ,Ferrari,1:33.468,2013,ALO
Hungary,Mark  Webber ,Red Bull Racing Renault,1:24.069,2013,WEB
Belgium,Sebastian  Vettel ,Red Bull Racing Renault,1:50.756,2013,VET
Italy,Lewis  Hamilton ,Mercedes,1:25.849,2013,HAM
Singapore,Sebastian  Vettel ,Red Bull Racing Renault,1:48.574,2013,VET
South Korea,Sebastian  Vettel ,Red Bull Racing Renault,1:41.380,2013,VET
Japan,Mark  Webber ,Red Bull Racing Renault,1:34.587,2013,WEB
India,Kimi  RÃ¤ikkÃ¶nen ,Lotus Renault,1:27.679,2013,RAI
Abu Dhabi,Fernando  Alonso ,Ferrari,1:43.434,2013,ALO
United States,Sebastian  Vettel ,Red Bull Racing Renault,1:39.856,2013,VET
Brazil,Mark  Webber ,Red Bull Racing Renault,1:15.436,2013,WEB
Australia,Nico  Rosberg ,Mercedes,1:32.478,2014,ROS
Malaysia,Lewis  Hamilton ,Mercedes,1:43.066,2014,HAM
Bahrain,Nico  Rosberg ,Mercedes,1:37.020,2014,ROS
China,Nico  Rosberg ,Mercedes,1:40.402,2014,ROS
Spain,Sebastian  Vettel ,Red Bull Racing Renault,1:28.918,2014,VET
Monaco,Kimi  RÃ¤ikkÃ¶nen ,Ferrari,1:18.479,2014,RAI
Canada,Felipe  Massa ,Williams Mercedes,1:18.504,2014,MAS
Austria,Sergio  Perez ,Force India Mercedes,1:12.142,2014,PER
Great Britain,Lewis  Hamilton ,Mercedes,1:37.176,2014,HAM
Germany,Lewis  Hamilton ,Mercedes,1:19.908,2014,HAM
Hungary,Nico  Rosberg ,Mercedes,1:25.724,2014,ROS
Belgium,Nico  Rosberg ,Mercedes,1:50.511,2014,ROS
Italy,Lewis  Hamilton ,Mercedes,1:28.004,2014,HAM
Singapore,Lewis  Hamilton ,Mercedes,1:50.417,2014,HAM
Japan,Lewis  Hamilton ,Mercedes,1:51.600,2014,HAM
Russia,Valtteri  Bottas ,Williams Mercedes,1:40.896,2014,BOT
United States,Sebastian  Vettel ,Red Bull Racing Renault,1:41.379,2014,VET
Brazil,Lewis  Hamilton ,Mercedes,1:13.555,2014,HAM
Abu Dhabi,Daniel  Ricciardo ,Red Bull Racing Renault,1:44.496,2014,RIC
Australia,Lewis  Hamilton ,Mercedes,1:30.945,2015,HAM
Malaysia,Nico  Rosberg ,Mercedes,1:42.062,2015,ROS
China,Lewis  Hamilton ,Mercedes,1:42.208,2015,HAM
Bahrain,Kimi  RÃ¤ikkÃ¶nen ,Ferrari,1:36.311,2015,RAI
Spain,Lewis  Hamilton ,Mercedes,1:28.270,2015,HAM
Monaco,Daniel  Ricciardo ,Red Bull Racing Renault,1:18.063,2015,RIC
Canada,Kimi  RÃ¤ikkÃ¶nen ,Ferrari,1:16.987,2015,RAI
Austria,Nico  Rosberg ,Mercedes,1:11.235,2015,ROS
Great Britain,Lewis  Hamilton ,Mercedes,1:37.093,2015,HAM
Hungary,Daniel  Ricciardo ,Red Bull Racing Renault,1:24.821,2015,RIC
Belgium,Nico  Rosberg ,Mercedes,1:52.416,2015,ROS
Italy,Lewis  Hamilton ,Mercedes,1:26.672,2015,HAM
Singapore,Daniel  Ricciardo ,Red Bull Racing Renault,1:50.041,2015,RIC
Japan,Lewis  Hamilton ,Mercedes,1:36.145,2015,HAM
Russia,Sebastian  Vettel ,Ferrari,1:40.071,2015,VET
United States,Nico  Rosberg ,Mercedes,1:40.666,2015,ROS
Mexico,Nico  Rosberg ,Mercedes,1:20.521,2015,ROS
Brazil,Lewis  Hamilton ,Mercedes,1:14.832,2015,HAM
Abu Dhabi,Lewis  Hamilton ,Mercedes,1:44.517,2015,HAM
Australia,Daniel  Ricciardo ,Red Bull Racing TAG Heuer,1:28.997,2016,RIC
Bahrain,Nico  Rosberg ,Mercedes,1:34.482,2016,ROS
China,Nico  Hulkenberg ,Force India Mercedes,1:39.824,2016,HUL
Russia,Nico  Rosberg ,Mercedes,1:39.094,2016,ROS
Spain,Daniil  Kvyat ,Toro Rosso Ferrari,1:26.948,2016,KVY
Monaco,Lewis  Hamilton ,Mercedes,1:17.939,2016,HAM
Canada,Nico  Rosberg ,Mercedes,1:15.599,2016,ROS
Europe,Nico  Rosberg ,Mercedes,1:46.485,2016,ROS
Austria,Lewis  Hamilton ,Mercedes,1:08.411,2016,HAM
Great Britain,Nico  Rosberg ,Mercedes,1:35.548,2016,ROS
Hungary,Kimi  RÃ¤ikkÃ¶nen ,Ferrari,1:23.086,2016,RAI
Germany,Daniel  Ricciardo ,Red Bull Racing TAG Heuer,1:18.442,2016,RIC
Belgium,Lewis  Hamilton ,Mercedes,1:51.583,2016,HAM
Italy,Fernando  Alonso ,McLaren Honda,1:25.340,2016,ALO
Singapore,Daniel  Ricciardo ,Red Bull Racing TAG Heuer,1:47.187,2016,RIC
Malaysia,Nico  Rosberg ,Mercedes,1:36.424,2016,ROS
Japan,Sebastian  Vettel ,Ferrari,1:35.118,2016,VET
United States,Sebastian  Vettel ,Ferrari,1:39.877,2016,VET
Mexico,Daniel  Ricciardo ,Red Bull Racing TAG Heuer,1:21.134,2016,RIC
Brazil,Max  Verstappen ,Red Bull Racing TAG Heuer,1:25.305,2016,VER
Abu Dhabi,Sebastian  Vettel ,Ferrari,1:43.729,2016,VET
Australia,Kimi  RÃ¤ikkÃ¶nen ,Ferrari,1:26.538,2017,RAI
China,Lewis  Hamilton ,Mercedes,1:35.378,2017,HAM
Bahrain,Lewis  Hamilton ,Mercedes,1:32.798,2017,HAM
Russia,Kimi  RÃ¤ikkÃ¶nen ,Ferrari,1:36.844,2017,RAI
Spain,Lewis  Hamilton ,Mercedes,1:23.593,2017,HAM
Monaco,Sergio  Perez ,Force India Mercedes,1:14.820,2017,PER
Canada,Lewis  Hamilton ,Mercedes,1:14.551,2017,HAM
Azerbaijan,Sebastian  Vettel ,Ferrari,1:43.441,2017,VET
Austria,Lewis  Hamilton ,Mercedes,1:07.411,2017,HAM
Great Britain,Lewis  Hamilton ,Mercedes,1:30.621,2017,HAM
Hungary,Fernando  Alonso ,McLaren Honda,1:20.182,2017,ALO
Belgium,Sebastian  Vettel ,Ferrari,1:46.577,2017,VET
Italy,Daniel  Ricciardo ,Red Bull Racing TAG Heuer,1:23.361,2017,RIC
Singapore,Lewis  Hamilton ,Mercedes,1:45.008,2017,HAM
Malaysia,Sebastian  Vettel ,Ferrari,1:34.080,2017,VET
Japan,Valtteri  Bottas ,Mercedes,1:33.144,2017,BOT
United States,Sebastian  Vettel ,Ferrari,1:37.766,2017,VET
Mexico,Sebastian  Vettel ,Ferrari,1:18.785,2017,VET
Brazil,Max  Verstappen ,Red Bull Racing TAG Heuer,1:11.044,2017,VER
Abu Dhabi,Valtteri  Bottas ,Mercedes,1:40.650,2017,BOT
Australia,Daniel  Ricciardo ,Red Bull Racing TAG Heuer,1:25.945,2018,RIC
Bahrain,Valtteri  Bottas ,Mercedes,1:33.740,2018,BOT
China,Daniel  Ricciardo ,Red Bull Racing TAG Heuer,1:35.785,2018,RIC
Azerbaijan,Valtteri  Bottas ,Mercedes,1:45.149,2018,BOT
Spain,Daniel  Ricciardo ,Red Bull Racing TAG Heuer,1:18.441,2018,RIC
Monaco,Max  Verstappen ,Red Bull Racing TAG Heuer,1:14.260,2018,VER
Canada,Max  Verstappen ,Red Bull Racing TAG Heuer,1:13.864,2018,VER
France,Valtteri  Bottas ,Mercedes,1:34.225,2018,BOT
Austria,Kimi  RÃ¤ikkÃ¶nen ,Ferrari,1:06.957,2018,RAI
Great Britain,Sebastian  Vettel ,Ferrari,1:30.696,2018,VET
Germany,Lewis  Hamilton ,Mercedes,1:15.545,2018,HAM
Hungary,Daniel  Ricciardo ,Red Bull Racing TAG Heuer,1:20.012,2018,RIC
Belgium,Valtteri  Bottas ,Mercedes,1:46.286,2018,BOT
Italy,Lewis  Hamilton ,Mercedes,1:22.497,2018,HAM
Singapore,Kevin  Magnussen ,Haas Ferrari,1:41.905,2018,MAG
Russia,Valtteri  Bottas ,Mercedes,1:35.861,2018,BOT
Japan,Sebastian  Vettel ,Ferrari,1:32.318,2018,VET
United States,Lewis  Hamilton ,Mercedes,1:37.392,2018,HAM
Mexico,Valtteri  Bottas ,Mercedes,1:18.741,2018,BOT
Brazil,Valtteri  Bottas ,Mercedes,1:10.540,2018,BOT
Abu Dhabi,Sebastian  Vettel ,Ferrari,1:40.867,2018,VET
Australia,Valtteri  Bottas ,Mercedes,1:25.580,2019,BOT
Bahrain,Charles  Leclerc ,Ferrari,1:33.411,2019,LEC
China,Pierre  Gasly ,Red Bull Racing Honda,1:34.742,2019,GAS
Azerbaijan,Charles  Leclerc ,Ferrari,1:43.009,2019,LEC
Spain,Lewis  Hamilton ,Mercedes,1:18.492,2019,HAM
Monaco,Pierre  Gasly ,Red Bull Racing Honda,1:14.279,2019,GAS
Canada,Valtteri  Bottas ,Mercedes,1:13.078,2019,BOT
France,Sebastian  Vettel ,Ferrari,1:32.740,2019,VET
Austria,Max  Verstappen ,Red Bull Racing Honda,1:07.475,2019,VER
Great Britain,Lewis  Hamilton ,Mercedes,1:27.369,2019,HAM
Germany,Max  Verstappen ,Red Bull Racing Honda,1:16.645,2019,VER
Hungary,Max  Verstappen ,Red Bull Racing Honda,1:17.103,2019,VER
Belgium,Sebastian  Vettel ,Ferrari,1:46.409,2019,VET
Italy,Lewis  Hamilton ,Mercedes,1:21.779,2019,HAM
Singapore,Kevin  Magnussen ,Haas Ferrari,1:42.301,2019,MAG
Russia,Lewis  Hamilton ,Mercedes,1:35.761,2019,HAM
Japan,Lewis  Hamilton ,Mercedes,1:30.983,2019,HAM
Mexico,Charles  Leclerc ,Ferrari,1:19.232,2019,LEC
United States,Charles  Leclerc ,Ferrari,1:36.169,2019,LEC
Brazil,Valtteri  Bottas ,Mercedes,1:10.698,2019,BOT
Abu Dhabi,Lewis  Hamilton ,Mercedes,1:39.283,2019,HAM
Austria,Lando  Norris ,McLaren Renault,1:07.475,2020,NOR
Styria,Carlos  Sainz ,McLaren Renault,1:05.619,2020,SAI
Hungary,Lewis  Hamilton ,Mercedes,1:16.627,2020,HAM
Great Britain,Max  Verstappen ,Red Bull Racing Honda,1:27.097,2020,VER
70th Anniversary,Lewis  Hamilton ,Mercedes,1:28.451,2020,HAM
Spain,Valtteri  Bottas ,Mercedes,1:18.183,2020,BOT
Belgium,Daniel  Ricciardo ,Renault,1:47.483,2020,RIC
Italy,Lewis  Hamilton ,Mercedes,1:22.746,2020,HAM
Tuscany,Lewis  Hamilton ,Mercedes,1:18.833,2020,HAM
Russia,Valtteri  Bottas ,Mercedes,1:37.030,2020,BOT
Eifel,Max  Verstappen ,Red Bull Racing Honda,1:28.139,2020,VER
Portugal,Lewis  Hamilton ,Mercedes,1:18.750,2020,HAM
Emilia Romagna,Lewis  Hamilton ,Mercedes,1:15.484,2020,HAM
Turkey,Lando  Norris ,McLaren Renault,1:36.806,2020,NOR
Bahrain,Max  Verstappen ,Red Bull Racing Honda,1:32.014,2020,VER
Sakhir,George  Russell ,Mercedes,55.404,2020,RUS
Abu Dhabi,Daniel  Ricciardo ,Renault,1:40.926,2020,RIC
Bahrain,Valtteri  Bottas ,Mercedes,1:32.090,2021,BOT
Emilia Romagna,Lewis  Hamilton ,Mercedes,1:16.702,2021,HAM
Portugal,Valtteri  Bottas ,Mercedes,1:19.865,2021,BOT
Spain,Max  Verstappen ,Red Bull Racing Honda,1:18.149,2021,VER
Monaco,Lewis  Hamilton ,Mercedes,1:12.909,2021,HAM
Azerbaijan,Max  Verstappen ,Red Bull Racing Honda,1:44.481,2021,VER
France,Max  Verstappen ,Red Bull Racing Honda,1:36.404,2021,VER
Styria,Lewis  Hamilton ,Mercedes,1:07.058,2021,HAM
Austria,Max  Verstappen ,Red Bull Racing Honda,1:06.200,2021,VER
Great Britain,Sergio  Perez ,Red Bull Racing Honda,1:28.617,2021,PER
Hungary,Pierre  Gasly ,AlphaTauri Honda,1:18.394,2021,GAS
Netherlands,Lewis  Hamilton ,Mercedes,1:11.097,2021,HAM
Italy,Daniel  Ricciardo ,McLaren Mercedes,1:24.812,2021,RIC
Russia,Lando  Norris ,McLaren Mercedes,1:37.423,2021,NOR
Turkey,Valtteri  Bottas ,Mercedes,1:30.432,2021,BOT
United States,Lewis  Hamilton ,Mercedes,1:38.485,2021,HAM
Mexico,Valtteri  Bottas ,Mercedes,1:17.774,2021,BOT
Brazil,Sergio  Perez ,Red Bull Racing Honda,1:11.010,2021,PER
Qatar,Max  Verstappen ,Red Bull Racing Honda,1:23.196,2021,VER
Saudi Arabia,Lewis  Hamilton ,Mercedes,1:30.734,2021,HAM
Abu Dhabi,Max  Verstappen ,Red Bull Racing Honda,1:26.103,2021,VER
Bahrain,Charles  Leclerc ,Ferrari,1:34.570,2022,LEC
Saudi Arabia,Charles  Leclerc ,Ferrari,1:31.634,2022,LEC
Australia,Charles  Leclerc ,Ferrari,1:20.260,2022,LEC
Emilia Romagna,Max  Verstappen ,Red Bull Racing RBPT,1:18.446,2022,VER
Miami,Max  Verstappen ,Red Bull Racing RBPT,1:31.361,2022,VER
Spain,Sergio  Perez ,Red Bull Racing RBPT,1:24.108,2022,PER
Monaco,Lando  Norris ,McLaren Mercedes,1:14.693,2022,NOR
Azerbaijan,Sergio  Perez ,Red Bull Racing RBPT,1:46.046,2022,PER
Canada,Carlos  Sainz ,Ferrari,1:15.749,2022,SAI
Great Britain,Lewis  Hamilton ,Mercedes,1:30.510,2022,HAM
Austria,Max  Verstappen ,Red Bull Racing RBPT,1:07.275,2022,VER
France,Carlos  Sainz ,Ferrari,1:35.781,2022,SAI
Hungary,Lewis  Hamilton ,Mercedes,1:21.386,2022,HAM
Belgium,Max  Verstappen ,Red Bull Racing RBPT,1:49.354,2022,VER
Netherlands,Max  Verstappen ,Red Bull Racing RBPT,1:13.652,2022,VER
Italy,Sergio  Perez ,Red Bull Racing RBPT,1:24.030,2022,PER
Singapore,George  Russell ,Mercedes,1:46.458,2022,RUS
Japan,Zhou  Guanyu ,Alfa Romeo Ferrari,1:44.411,2022,ZHO
United States,George  Russell ,Mercedes,1:38.788,2022,RUS
Mexico,George  Russell ,Mercedes,1:20.153,2022,RUS
Brazil,George  Russell ,Mercedes,1:13.785,2022,RUS
Abu Dhabi,Lando  Norris ,McLaren Mercedes,1:28.391,2022,NOR
Bahrain,Zhou  Guanyu ,Alfa Romeo Ferrari,1:33.996,2023,ZHO
Saudi Arabia,Max  Verstappen ,Red Bull Racing Honda RBPT,1:31.906,2023,VER
Australia,Sergio  Perez ,Red Bull Racing Honda RBPT,1:20.235,2023,PER
Azerbaijan,George  Russell ,Mercedes,1:43.370,2023,RUS
Miami,Max  Verstappen ,Red Bull Racing Honda RBPT,1:29.708,2023,VER
Monaco,Lewis  Hamilton ,Mercedes,1:15.650,2023,HAM
Spain,Max  Verstappen ,Red Bull Racing Honda RBPT,1:16.330,2023,VER
Canada,Sergio  Perez ,Red Bull Racing Honda RBPT,1:14.481,2023,PER
Austria,Max  Verstappen ,Red Bull Racing Honda RBPT,1:07.012,2023,VER
Great Britain,Max  Verstappen ,Red Bull Racing Honda RBPT,1:30.275,2023,VER
Hungary,Max  Verstappen ,Red Bull Racing Honda RBPT,1:20.504,2023,VER
Belgium,Lewis  Hamilton ,Mercedes,1:47.305,2023,HAM
Netherlands,Fernando  Alonso ,Aston Martin Aramco Mercedes,1:13.837,2023,ALO
Italy,Oscar  Piastri ,McLaren Mercedes,1:25.072,2023,PIA
Singapore,Lewis  Hamilton ,Mercedes,1:35.867,2023,HAM
Japan,Max  Verstappen ,Red Bull Racing Honda RBPT,1:34.183,2023,VER
Qatar,Max  Verstappen ,Red Bull Racing Honda RBPT,1:24.319,2023,VER
United States,Yuki  Tsunoda ,AlphaTauri Honda RBPT,1:38.139,2023,TSU
Mexico,Lewis  Hamilton ,Mercedes,1:21.334,2023,HAM
Brazil,Lando  Norris ,McLaren Mercedes,1:12.486,2023,NOR
Las Vegas,Oscar  Piastri ,McLaren Mercedes,1:35.490,2023,PIA
Abu Dhabi,Max  Verstappen ,Red Bull Racing Honda RBPT,1:26.993,2023,VER
Bahrain,Max  Verstappen ,Red Bull Racing Honda RBPT,1:32.608,2024,VER
Saudi Arabia,Charles  Leclerc ,Ferrari,1:31.632,2024,LEC
Australia,Charles  Leclerc ,Ferrari,1:19.813,2024,LEC
Japan,Max  Verstappen ,Red Bull Racing Honda RBPT,1:33.706,2024,VER
China,Fernando  Alonso ,Aston Martin Aramco Mercedes,1:37.810,2024,ALO
Miami,Oscar  Piastri ,McLaren Mercedes,1:30.634,2024,PIA
Emilia Romagna,George  Russell ,Mercedes,1:18.589,2024,RUS
Monaco,Lewis  Hamilton ,Mercedes,1:14.165,2024,HAM
